key,kind,description,units,weight,cross_wires
AR0936590,ARM       ,VIGARMEX 09/36 A 5.90 MTS.              ,PZA    ,4.81,29
AR09366,ARM       ,VIGARMEX 09/36 A 6.00 MTS.              ,PZA    ,4.81,30
AR09367,ARM       ,VIGARMEX 09/36 A 7.00 MTS.              ,PZA    ,5.62,35
AR09369,ARM       ,VIGARMEX 09/36 A 9.00 MTS.              ,PZA    ,7.22,45
AR09636,ARM       ,VIGARMEX 09/63 A 6.00 MTS.              ,PZA    ,6.09,30
AR09637,ARM       ,VIGARMEX 09/63 A 7.00 MTS.              ,PZA    ,7.1,35
AR09639,ARM       ,VIGARMEX 09/63 A 9.00 MTS.              ,PZA    ,9.13,45
AR09646,ARM       ,VIGARMEX 9/64 A 6.00 MTS.               ,PZA    ,6.09,30
AR09996,ARM       ,VIGARMEX 09/99 A 6.00 MTS.              ,PZA    ,7.43,30
AR09997,ARM       ,VIGARMEX 09/99 A 7.00 MTS.              ,PZA    ,8.67,35
AR09999,ARM       ,VIGARMEX 09/99 A 9.00 MTS.              ,PZA    ,11.15,45
AR103610,ARM       ,VIGARMEX 10/36 A 10.00 MTS.             ,PZA    ,8.15,30
AR10366,ARM       ,VIGARMEX 10/36 A 6.00 MTS.              ,PZA    ,4.89,30
AR10367,ARM       ,VIGARMEX 10/36 A 7.00 MTS.              ,PZA    ,5.71,35
AR10369,ARM       ,VIGARMEX 10/36 A 9.00 MTS.              ,PZA    ,7.34,45
AR10636,ARM       ,VIGARMEX 10/63 A 6.00 MTS.              ,PZA    ,6.3519,30
AR10637,ARM       ,VIGARMEX 10/63 A 7.00 MTS.              ,PZA    ,7.19,35
AR10639,ARM       ,VIGARMEX 10/63 A 9.00 MTS.              ,PZA    ,9.25,45
AR10646,ARM       ,VIGARMEX 10/64 A 6.00 MTS.              ,PZA    ,6.3519,30
AR10996,ARM       ,VIGARMEX 10/99 A 6.00 MTS.              ,PZA    ,7.51,30
AR10997,ARM       ,VIGARMEX 10/99 A 7.00 MTS.              ,PZA    ,8.76,35
AR10999,ARM       ,VIGARMEX 10/99 A 9.00 MTS.              ,PZA    ,11.27,45
AR11366,ARM       ,VIGARMEX 11/36 A 6.00 MTS.              ,PZA    ,4.98,30
AR11367,ARM       ,VIGARMEX 11/36 A 7.00 MTS.              ,PZA    ,5.81,35
AR113684,ARM       ,VIGARMEX 11/36 A 8.40 MTS.              ,PZA    ,6.97,42
AR11369,ARM       ,VIGARMEX 11/36 A 9.00 MTS.              ,PZA    ,7.47,45
AR116318,ARM       ,VIGARMEX 11/63 A 1.80 MTS.              ,PZA    ,1.88,9
AR11636,ARM       ,VIGARMEX 11/63 A 6.00 MTS.              ,PZA    ,6.25,30
AR11637,ARM       ,VIGARMEX 11/63 A 7.00 MTS.              ,PZA    ,7.29,35
AR11639,ARM       ,VIGARMEX 11/63 A 9.00 MTS.              ,PZA    ,9.38,45
AR11996,ARM       ,VIGARMEX 11/99 A 6.00 MTS.              ,PZA    ,7.59,30
AR11997,ARM       ,VIGARMEX 11/99 A 7.00 MTS.              ,PZA    ,8.86,35
AR11999,ARM       ,VIGARMEX 11/99 A 9.00 MTS.              ,PZA    ,11.39,45
AR123636,ARM       ,VIGARMEX 12/36 A 3.60 MTS.              ,PZA    ,3.04,30
AR123647,ARM       ,VIGARMEX 12/36 A 4.70 MTS.              ,PZA    ,3.97,23
AR123651,ARM       ,VIGARMEX 12/36 A 5.10 MTS.              ,PZA    ,4.31,25
AR123656,ARM       ,VIGARMEX 12/36 A 5.60 MTS.              ,PZA    ,5.07,28
AR12366,ARM       ,VIGARMEX 12/36 A 6.00 MTS.              ,PZA    ,5.07,30
AR123663,ARM       ,VIGARMEX 12/36 A 6.30 MTS.              ,PZA    ,5.32,31
AR123667,ARM       ,VIGARMEX 12/36 A 6.70 MTS.              ,PZA    ,5.66,33
AR12367,ARM       ,VIGARMEX 12/36 A 7.00 MTS.              ,PZA    ,5.91,35
AR1236720,ARM       ,VIGARMEX 12/36 A 7.20 MTS.              ,PZA    ,6.078,36
AR123675,ARM       ,VIGARMEX 12/36 A 7.50 MTS.              ,PZA    ,6.33,37
AR12368,ARM       ,VIGARMEX 12/36 A 8.00 MTS.              ,PZA    ,6.75,40
AR123681,ARM       ,VIGARMEX 12/36 A 8.10 MTS.              ,PZA    ,6.84,40
AR123683,ARM       ,VIGARMEX 12/36 A 8.30 MTS.              ,PZA    ,7.01,41
AR123684,ARM       ,VIGARMEX 12/36 A 8.40 MTS.              ,PZA    ,7.09,42
AR1236840,ARM       ,VIGARMEX 12/36 A 8.40 MTS.              ,PZA    ,6.84,42
AR123686,ARM       ,VIGARMEX 12/36 A 8.60 MTS.              ,PZA    ,7.26,43
AR123688,ARM       ,VIGARMEX 12/36 A 8.80 MTS.              ,PZA    ,7.43,44
AR12369,ARM       ,VIGARMEX 12/36 A 9.00 MTS.              ,PZA    ,7.6,45
AR1263110,ARM       ,VIGARMEX 12/63 A 1.10 MTS.              ,PZA    ,1.16,5
AR1263150,ARM       ,VIGARMEX 12/63 A 1.50 MTS.              ,PZA    ,1.561,7
AR1263180,ARM       ,VIGARMEX 12/63 A 1.80 MTS.              ,PZA    ,1.9,9
AR1263250,ARM       ,VIGARMEX 12/63 A 2.50 MTS.              ,PZA    ,2.601,12
AR1263280,ARM       ,VIGARMEX 12/63 A 2.80 MTS.              ,PZA    ,2.96,14
AR1263290,ARM       ,VIGARMEX 12/63 A 2.90 MTS.              ,PZA    ,3.065,14
AR1263300,ARM       ,VIGARMEX 12/63 A 3.00 MTS.              ,PZA    ,3.122,15
AR1263310,ARM       ,VIGARMEX 12/63 A 3.10 MTS.              ,PZA    ,3.27,15
AR1263320,ARM       ,VIGARMEX 12/63 A 3.20 MTS.              ,PZA    ,3.27,16
AR1263330,ARM       ,VIGARMEX 12/63 A 3.30 MTS.              ,PZA    ,3.27,16
AR1263340,ARM       ,VIGARMEX 12/63 A 3.40 MTS.              ,PZA    ,3.59,17
AR1263350,ARM       ,VIGARMEX 12/63 A 3.50 MTS.              ,PZA    ,3.27,17
AR1263370,ARM       ,VIGARMEX 12/63 A 3.70 MTS.              ,PZA    ,3.27,18
AR1263380,ARM       ,VIGARMEX 12/63 A 3.80 MTS.              ,PZA    ,3.27,19
AR1263450,ARM       ,VIGARMEX 12/63 A 4.50 MTS.              ,PZA    ,4.683,22
AR1263580,ARM       ,VIGARMEX 12/63 A 5.80 MTS.              ,PZA    ,6.12,29
AR12636,ARM       ,VIGARMEX 12/63 A 6.00 MTS.              ,PZA    ,6.34,30
AR12637,ARM       ,VIGARMEX 12/63 A 7.00 MTS.              ,PZA    ,7.39,35
AR12639,ARM       ,VIGARMEX 12/63 A 9.00 MTS.              ,PZA    ,9.51,45
AR1264710,ARM       ,VIGARMEX 12/64 A 7.10                   ,PZA    ,7.502,35
AR1264840,ARM       ,VIGARMEX 12/64 A 8.40 MTS               ,PZA    ,8.875,
AR12649,ARM       ,VIGARMEX 12/64 A 9.00 MTS.              ,PZA    ,9.51,
AR12996,ARM       ,VIGARMEX 12/99 A 6.00 MTS.              ,PZA    ,7.68,
AR12997,ARM       ,VIGARMEX 12/99 A 7.00 MTS.              ,PZA    ,8.96,
AR1299880,ARM       ,VIGARMEX 12/99 A 8.80 MTS.              ,PZA    ,11.264,
AR12999,ARM       ,VIGARMEX 12/99 A 9.00 MTS.              ,PZA    ,11.52,
AR13366,ARM       ,VIGARMEX 13/36 A 6.00 MTS.              ,PZA    ,5.16,
AR13367,ARM       ,VIGARMEX 13/36 A 7.00 MTS.              ,PZA    ,6.02,
AR13369,ARM       ,VIGARMEX 13/36 A 9.00 MTS.              ,PZA    ,7.73,
AR13636,ARM       ,VIGARMEX 13/63 A 6.00 MTS.              ,PZA    ,6.43,
AR13637,ARM       ,VIGARMEX 13/63 A 7.00 MTS.              ,PZA    ,7.5,
AR13639,ARM       ,VIGARMEX 13/63 A 9.00 MTS.              ,PZA    ,9.64,
AR13996,ARM       ,VIGARMEX 13/99 A 6.00 MTS.              ,PZA    ,7.77,
AR13997,ARM       ,VIGARMEX 13/99 A 7.00 MTS.              ,PZA    ,9.07,
AR13999,ARM       ,VIGARMEX 13/99 A 9.00 MTS.              ,PZA    ,11.66,
AR1436111,ARM       ,VIGARMEX 14/36 A 11.10 MTS.             ,PZA    ,9.71,
AR1436150,ARM       ,VIGARMEX 14/36 A 1.50 MTS.              ,PZA    ,1.4,
AR143616,ARM       ,VIGARMEX 14/36 A 1.60 MTS.              ,PZA    ,1.4,
AR1436220,ARM       ,VIGARMEX 14/36 A 2.20 MTS.              ,PZA    ,2.71,
AR1436230,ARM       ,VIGARMEX 14/36 A 2.30 MTS.              ,PZA    ,2.71,
AR1436260,ARM       ,VIGARMEX 14/36 A 2.60 MTS.              ,PZA    ,2.71,
AR1436270,ARM       ,VIGARMEX 14/36 A 2.70 MTS.              ,PZA    ,2.71,
AR1436300,ARM       ,VIGARMEX 14/36 A 6.00 MTS.              ,PZA    ,2.64,
AR143631,ARM       ,VIGARMEX 14/36 A 3.10 MTS.              ,PZA    ,2.71,
AR143632,ARM       ,VIGARMEX 14/36 A 3.20 MTS.              ,PZA    ,2.8,
AR143635,ARM       ,VIGARMEX 14/36 A 3.50 MTS.              ,PZA    ,3.06,
AR143637,ARM       ,VIGARMEX 14/36 A 3.70 MTS.              ,PZA    ,3.24,
AR143638,ARM       ,VIGARMEX 14/36 A 3.80 MTS.              ,PZA    ,3.32,
AR1436480,ARM       ,VIGARMEX 14/36 A 4.80MTS.               ,PZA    ,5.04,
AR14365,ARM       ,VIGARMEX 14/36 A 5 MTS.                 ,PZA    ,5.25,
AR1436520,ARM       ,VIGARMEX 14/36 A 5.20 MTS.              ,PZA    ,5.25,
AR14366,ARM       ,VIGARMEX 14/36 A 6.00 MTS.              ,PZA    ,5.277,30
AR143664,ARM       ,VIGARMEX 14/36 A 6.40 MTS.              ,PZA    ,5.6,
AR143668,ARM       ,VIGARMEX 14/36 A 6.80 MTS.              ,PZA    ,5.94,
AR14367,ARM       ,VIGARMEX 14/36 A 7.00 MTS.              ,PZA    ,6.12,35
AR14368,ARM       ,VIGARMEX 14/36 A 8.00 MTS.              ,PZA    ,7,40
AR1436871,ARM       ,VIGARMEX 14/36 A 8.71 MTS.              ,PZA    ,7.62,
AR14369,ARM       ,VIGARMEX 14/36 A 9.00 MTS.              ,PZA    ,7.87,45
AR1463100,ARM       ,VIGARMEX 14/63 A 10.0 MTS.              ,PZA    ,10.87,
AR1463270,ARM       ,VIGARMEX 14/63 A 2.70 MTS.              ,PZA    ,2.94,13
AR146328,ARM       ,VIGARMEX 14/63 A 2.80 MTS.              ,PZA    ,3.04,
AR1463290,ARM       ,VIGARMEX 14/63 A 2.90 MTS.              ,PZA    ,3.16,14
AR1463300,ARM       ,VIGARMEX 14/63 A 3.00 MTS.              ,PZA    ,3.25,15
AR146336,ARM       ,VIGARMEX 14/63 A 3.60 MTS.              ,PZA    ,3.91,
AR14634,ARM       ,VIGARMEX 14/63 A 4.00 MTS.              ,PZA    ,4.35,20
AR146342,ARM       ,VIGARMEX 14/63 A 4.20 MTS.              ,PZA    ,4.57,
AR146345,ARM       ,VIGARMEX 14/63 A 4.50 MTS.              ,PZA    ,4.89,22
AR14635,ARM       ,VIGARMEX 14/63 A 5.00 MTS.              ,PZA    ,5.43,25
AR1463510,ARM       ,VIGARMEX 14/63 A 5.10 MTS.              ,PZA    ,5.6,
AR1463520,ARM       ,ARMADURA 14-63 A 5.20 MTS               ,PZA    ,5.886,
AR1463530,ARM       ,VIGARMEX 14/63 A 5.30 MTS.              ,PZA    ,5.78,
AR1463540,ARM       ,VIGARMEX 14/63 A 5.40 MTS.              ,PZA    ,5.886,
AR146355,ARM       ,VIGARMEX 14/63 A 5.50 MTS.              ,PZA    ,5.98,
AR1463550,ARM       ,VIGARMEX 14/63 A 5.50 MTS.              ,PZA    ,5.995,27
AR1463560,ARM       ,VIGARMEX 14/63 A 5.60 MTS.              ,PZA    ,6.10886,
AR1463570,ARM       ,VIGARMEX 14/63 A 5.70 MTS.              ,PZA    ,6.21,28
AR1463580,ARM       ,VIGARMEX 14/63 A 5.80 MTS.              ,PZA    ,6.322,
AR1463590,ARM       ,VIGARMEX 14/63 A 5.90 MTS.              ,PZA    ,6.43,29
AR14636,ARM       ,VIGARMEX 14/63 A 6.00 MTS.              ,PZA    ,6.545,30
AR1463610,ARM       ,VIGARMEX 14/63 A 6.10 MTS.              ,PZA    ,6.62,
AR1463620,ARM       ,VIGARMEX 14/63 A 6.20 MTS.              ,PZA    ,6.52,
AR1463640,ARM       ,VIGARMEX 14-63 A 6.40 MT                ,PZA    ,6.981,
AR146365,ARM       ,VIGARMEX 14/63 A 6.50 MTS               ,PZA    ,7.0904,32
AR1463650,ARM       ,VIGARMEX 14-63 A 6.50 MT                ,PZA    ,6.981,
AR1463680,ARM       ,VIGARMEX 14/63 A 6.80 MTS.              ,PZA    ,6.545,
AR1463690,ARM       ,ARMADURA 14-63 A 6.90 MTS               ,PZA    ,7.5,
AR14637,ARM       ,VIGARMEX 14/63 A 7.00 MTS.              ,PZA    ,7.5,35
AR14638,ARM       ,VIGARMEX 14/63 A 8.00 MTS.              ,PZA    ,8.69,
AR14639,ARM       ,VIGARMEX 14/63 A 9.00 MTS.              ,PZA    ,9.78,45
AR14646,ARM       ,VIGARMEX 14/64 A 6.00 MTS.              ,PZA    ,6.545,
AR146462,ARM       ,VIGARMEX 14/64 A 6.20 MTS.              ,PZA    ,9.78,
AR14647,ARM       ,VIGARMEX 14/64 A 7.00 MTS.              ,PZA    ,11.592,
AR14649,ARM       ,VIGARMEX 14/64 A 9.00 MTS.              ,PZA    ,9.78,
AR149910,ARM       ,VIGARMEX 14/99 A 10.00 MTS.             ,PZA    ,11.8,
AR1499100,ARM       ,VIGARMEX 14/99 A 10.00 MTS.             ,PZA    ,13.149,
AR14994,ARM       ,VIGARMEX 14/99 A 4.00 MTS.              ,PZA    ,5.37,
AR149941,ARM       ,VIGARMEX 14/99 A 4.10 MTS.              ,PZA    ,5.37,
AR14996,ARM       ,VIGARMEX 14/99 A 6.00 MTS.              ,PZA    ,7.87,
AR14997,ARM       ,VIGARMEX 14/99 A 7.00 MTS.              ,PZA    ,9.18,
AR14998,ARM       ,VIGARMEX 14/99 A 8.00 MTS.              ,PZA    ,10.49,
AR14999,ARM       ,VIGARMEX 14/99 A 9.00 MTS.              ,PZA    ,11.8,
AR153654,ARM       ,VIGARMEX 15/36 A 5.40 MTS.              ,PZA    ,4.81,
AR15366,ARM       ,VIGARMEX 15/36 A 6.00 MTS.              ,PZA    ,5.34,
AR15367,ARM       ,VIGARMEX 15/36 A 7.00 MTS.              ,PZA    ,6.23,
AR15368,ARM       ,VIGARMEX 15/36 A 8.00 MTS.              ,PZA    ,7.13,
AR15369,ARM       ,VIGARMEX 15/36 A 9.00 MTS.              ,PZA    ,8.02,
AR15636,ARM       ,VIGARMEX 15/63 A 6.00 MTS.              ,PZA    ,6.62,
AR15637,ARM       ,VIGARMEX 15/63 A 7.00 MTS.              ,PZA    ,7.72,
AR15639,ARM       ,VIGARMEX 15/63 A 9.00 MTS.              ,PZA    ,9.92,
AR159941,ARM       ,VIGARMEX 15/99 A 4.10 MTS.              ,PZA    ,11.94,
AR15996,ARM       ,VIGARMEX 15/99 A 6.00 MTS.              ,PZA    ,7.96,
AR15997,ARM       ,VIGARMEX 15/99 A 7.00 MTS.              ,PZA    ,9.29,
AR15999,ARM       ,VIGARMEX 15/99 A 9.00 MTS.              ,PZA    ,11.94,
AR16366,ARM       ,VIGARMEX 16/36 A 6.00 MTS.              ,PZA    ,5.44,
AR16367,ARM       ,VIGARMEX 16/36 A 7.00 MTS.              ,PZA    ,6.35,
AR16369,ARM       ,VIGARMEX 16/36 A 9.00 MTS.              ,PZA    ,8.16,
AR16636,ARM       ,VIGARMEX 16/63 A 6.00 MTS.              ,PZA    ,6.71,
AR16637,ARM       ,VIGARMEX 16/63 A 7.00 MTS.              ,PZA    ,7.83,
AR16639,ARM       ,VIGARMEX 16/63 A 9.00 MTS.              ,PZA    ,10.07,
AR16996,ARM       ,VIGARMEX 16/99 A 6.00 MTS.              ,PZA    ,8.06,
AR16997,ARM       ,VIGARMEX 16/99 A 7.00 MTS.              ,PZA    ,9.4,
AR16999,ARM       ,VIGARMEX 16/99 A 9.00 MTS.              ,PZA    ,12.09,
AR24998,ARM       ,VIGARMEX 24/99 A 8.00 MTS.              ,PZA    ,15.86,
AR25639,ARM       ,VIGARMEX 25/63 A 9.00 MTS.              ,PZA    ,15.86,
AR26997,ARM       ,VIGARMEX 26/99 A 7.00 MTS.              ,PZA    ,15.86,
AR2736610M,ARM       ,VIGARMEX 27/36 A 6.10 MTS.              ,PZA    ,12.2686,
ARSEG,ARM       ,VIGARMEX  SEGUNDA                       ,KG     ,1,
CH31010AA,CAT       ,ARMEX EN HOJA 10*10*3                   ,TR     ,4.2,38
CH31212AA,CAT       ,ARMEX EN HOJA 12*12*3                   ,TR     ,4.4,38
CH31212M_MQ,MAQ       ,MAQUILA CASTILLO EN HOJA 12*12*3        ,KG     ,1,
CH31515AA,CAT       ,ARMEX EN HOJA 15*15*3                   ,TR     ,4.7,38
CH41010,CAT       ,ARMEX EN HOJA 10*10*4                   ,TR     ,5.292,38
CH41020AA,CAT       ,ARMEX EN HOJA 10*20*4                   ,TR     ,6.002,
CH41020N,CAT       ,ARMEX EN HOJA 10*20*4                   ,TR     ,6.036,
CH41212AA,CAT       ,ARMEX EN HOJA 12*12*4                   ,TR     ,5.7,38
CH41212M_MQ,MAQ       ,MAQUILA CASTILLO EN HOJA 12*12*4        ,KG     ,1,38
CH41220AA,CAT       ,ARMEX EN HOJA 12*20*4                   ,TR     ,6.2,38
CH41220M_MQ,MAQ       ,MAQUILA CASTILLO EN HOJA  12*20*4       ,KG     ,1,38
CH41510AA,CAT       ,ARMEX EN HOJA 15*10*4                   ,TR     ,5.7,38
CH41510M_MQ,MAQ       ,MAQUILA CASTILLO EN HOJA 15*10*4        ,KG     ,1,
CH415152,CAT       ,ARMEX EN HOJA 15*15*4 C 2               ,TR     ,9.4,30
CH415153,CAT       ,ARMEX EN HOJA 15*15*4  C 3              ,TR     ,11.5,30
CH41515AA,CAT       ,ARMEX EN HOJA 15*15*4                   ,TR     ,6,38
CH41515AA51,CAT       ,ARMEX EN HOJA 15*15*4 A 5.10 MTS        ,TR     ,5.8,38
CH41515M_MQ,MAQ       ,MAQUILA CASTILLO EN HOJA  15*15*4       ,KG     ,1,38
CH415202,CAT       ,ARMEX EN HOJA 15*20*4 C 2               ,TR     ,9.8,30
CH415203,CAT       ,ARMEX EN HOJA 15*20*4  C 3              ,TR     ,12,30
CH41520AA,CAT       ,ARMEX EN HOJA 15*20*4                   ,TR     ,6.4,38
CH41520M_MQ,MAQ       ,MAQUILA CASTILLO EN HOJA  15*20*4       ,KG     ,1,38
CH415252,CAT       ,ARMEX EN HOJA 15*25*4 C 2               ,TR     ,10.322,
CH415253,CAT       ,ARMEX EN HOJA 15*25*4 C 3               ,TR     ,11.426,
CH41525AA,CAT       ,ARMEX EN HOJA 15*25*4                   ,TR     ,6.7,38
CH41525M_MQ,MAQ       ,MAQUILA CASTILLO EN HOJA  15*25*4       ,KG     ,1,
CH41530AA,CAT       ,ARMEX EN HOJA 15*30*4                   ,TR     ,7.1,38
CH41530M_MQ,MAQ       ,MAQUILA CASTILLO EN HOJA  15*30*4       ,KG     ,1,
CH42035,CAT       ,ARMEX EN HOJA 20*35*4                   ,TR     ,7.863,
CH42040,CAT       ,ARMEX EN HOJA 20*40*4                   ,TR     ,8.9,
ESC12210HJ,CAT       ,ESCALERILLA 12-2 C-10 a 3 mts hoja      ,HOJ    ,4.392,12
M310100463239811,MIN       ,M. ING 3X10 10.04/6.35 2.29 M/8.11 MT   ,HOJ    ,180.5,107
M310684429239480,MIN       ,M. ING 3X10 6.84MM/4.29MM 2.39 X 4.80 MT,HOJ    ,49.72,64
M31078495239430,MIN       ,M. ING 3X10 7.8MM/4.95MM 2.39 X 4.30 MTS,HOJ    ,57.63,57
M310845534239705,MIN       ,M ING 3 X 10 8.45/5.34 MM X 2.39X7.05 M ,HOJ    ,110.84,27
M310976619239621,MIN       ,M ING 3 X 10 9.76/6.19 MM 239 X 6.21 M  ,HOJ    ,130.54,24
M38607449238220,MIN       ,M.ING7.62X20.32 6.07/4.49MM 2.38x2.20M  ,HOJ    ,19.2,30
M388765542391005,MIN       ,M ING 3X8 8.76 X5.54 MM/2.39 X 10.05 M  ,HOJ    ,167.89,49
MC100250_MQ,MAQ       ,MAQUILA MALLA CERCASEL 1.00 X 2.50 MTS  ,HOJ    ,9.84,
MC135615_MQ,MAQ       ,MAQUILA MALLA CERCASEL1.35X6.15M C-6    ,HOJ    ,36.085,
MC1375632_MQ,MAQ       ,MAQUILA MALLA CERCASEL 1.375 X 6.32 MTS ,HOJ    ,31.51,
MC141520_MQ,MAQ       ,MAQUILA MALLA CERCASEL 1.41 X 5.20 M C-6,HOJ    ,31.63,
MC150250_MQ,MAQ       ,MAQUILA MALLA CERCASEL 1.50 X 2.50 MTS  ,HOJ    ,15.198,
MC158520_MQ,MAQ       ,MAQUILA MALLA CERCASEL 1.58 X 5.20 M C-6,HOJ    ,30.498,
MC1585516_MQ,MAQ       ,MAQUILA MALLA CERCASEL 1.585 X 5.161 MTS,HOJ    ,31.95,92
MC186735_MQ,MAQ       ,MAQUILA MALLA CERCASEL 1.864X7.35 M C-6 ,HOJ    ,57.55,
MC1873048,ARM       ,ARMAFENCE 1.87 X 3.048 M (6X10ft)       ,PZA    ,13.3,
MC20025AZ,ARM       ,MALLA CERCASEL AZUL DE 2.50X 2.00 MTS   ,PZA    ,20.77,
MC2085516_MQ,MAQ       ,MAQUILA MALLA CERCASEL 2.085 X 5161 MTS ,HOJ    ,41.71,92
MC216500_MQ,MAQ       ,MAQUILA MALLA CERCASEL 2.16 X 5.20 MTS  ,HOJ    ,37.083,
MC216620_MQ,MAQ       ,MAQUILA MALLA CERCASEL 2.16 X 6.20 MTS  ,HOJ    ,51.404,
MC21925161_MQ,MAQ       ,MAQUILA MALLA CERCASEL 2.192 X 5.161 MTS,HOJ    ,44.67,92
MC22150620_MQ,MAQ       ,MAQUILA MALLA CERCASEL 2X2 1.50X6.20 M  ,HOJ    ,51.93,92
MC240600_MQ,MAQ       ,MAQUILA MALLA CERCASEL4x1 8/8A2.40*6.00M,HOJ    ,41.74,
MC246522_MQ,MAQ       ,MAQUILA MALLA CERCASEL 2.46 X 5.22 MTS  ,HOJ    ,31.22,
MC256516_MQ,MAQ       ,MAQUILA MALLA CERCASEL 2.56 X 5.161 MTS ,HOJ    ,50.39,92
MC257735_MQ,MAQ       ,MAQUILA MALLA CERCASEL 2.574X7.35 M C-6 ,HOJ    ,78.958,
MC263735_MQ,MAQ       ,MAQUILA MALLA CERCASEL 2.634X7.35 M C-6 ,HOJ    ,81.366,
MC26652065_MQ,MAQ       ,MAQUILA MALLA CERCASEL 2.66*5.20M C-6.5 ,HOJ    ,51.955,
MC266520_MQ,MAQ       ,MAQUILA MALLA CERCASEL 2.66 * 5.20 M    ,HOJ    ,51.955,
MC275600_MQ,MAQ       ,MAQUILA MALLA CERCASEL 2.75 X 6.00 C 6  ,HOJ    ,41.97,
MC339130,RET       ,MALLA CRIBA 3X3 0.91 X 0.30 MTS         ,RL     ,23.15,
MC41250_MQ,MAQ       ,MAQ MALLA CARCASEL 4X1 2.50X2.50 C-8    ,HOJ    ,33.88,
MC449030,RET       ,MALLA CRIBA 4X4 0.90 X 0.30 MTS         ,RL     ,23.15,
MC52007_MQ,MAQ       ,MAQUILA CERCASEL 2.00 X 5.00 CAL 7      ,HOJ    ,35.68,
MC5200_MQ,MAQ       ,MAQUILA MALLA CERCASEL5.00X2.00M C-6 1/4,HOJ    ,40.594,90
MC5206_MQ,MAQ       ,MAQUILA MALLA CERCASEL5.00X2.06M C-8    ,HOJ    ,41.74,
MC52091_MQ,MAQ       ,"MAQUILA CERCASEL 5.20X2.09M C-6 1/4 A 1""",HOJ    ,72.05,
MC52507_MQ,MAQ       ,MAQUILA CERCASEL 2.50 X 5.00 CAL 7      ,HOJ    ,43.02,
MC5250_MQ,MAQ       ,MAQUILA MALLA CERCASEL5.00X2.50M C-6 1/4,HOJ    ,48.95,90
MC5258_MQ,MAQ       ,MAQUILA MALLA CERCASEL5.00X2.58M C-6    ,HOJ    ,51.77,
MCB250250,RET       ,MALLA CERCASEL BLANCA  DE 2.50X 2.50 MTS,PZA    ,25,
MCER2250VDE,ARM       ,MALLA CERCASEL VERDE DE 2.50X 2.00 MTS  ,PZA    ,20.77,
MCR209030,RET       ,MALLA CRIBA 2X2 0.90 X 30               ,RL     ,28.7,
MCR20910,RET       ,MALLA CRIBA 2X2 0.90 X 10 MTS           ,RL     ,1,
MCR4410,RET       ,MALLA CRIBA 4X4 X 10 MTS                ,RL     ,23.15,
MD500200_MQ,MAQ       ,MAQUILA MALLA DIVISEL 5.00 X 2.00  MTS  ,HOJ    ,20.64,53
MD520209_MQ,MAQ       ,MAQUILA MALLA DIVISEL 5.20 X 2.09  MTS  ,HOJ    ,21.057,52
MDP142550,MDP       ,MET. DESP. P/PLAFOND CAL14  25*50 M     ,PZA    ,1,
MDP169011,MDP       ,MET. DESP. P/PLAFOND CAL16 0.90*11.00 M ,RL     ,4.5,
MDP500,MDP       ,MET. DESP. P/PLAFOND # 500 0.91*22.00 M ,RL     ,8,
MDP600,MDP       ,MET. DESP. P/PLAFOND # 600 0.91*22.00 M ,RL     ,12,
MEDICAMENTO,SER       ,MEDICAMENTO                             ,PZA  ,0,
MELSCRAP,MEL       ,MALLA SCRAP                             ,KG     ,1,
MGG100,RET       ,MALLA GANADERA GALVANIZADA DE 1.00 M    ,RL     ,25,
MGG120,RET       ,MALLA GANADERA GALV. DE 1.20 M          ,RL     ,28,
MGP223 REF,MDP       ,MALLA GRANO PLATA 2X2 3 ML REF.         ,RL     ,0,
MGR14050ML,RET       ,MALLA GANADERA EN ROLLO 1.40X50ML       ,RL     ,0,
MH1050441101025,MEL       ,MALLA EN HOJA 10X50 4M/4M 1.10 X 10.25 M,HOJ    ,14.18,
MH1050441101100,MEL       ,MALLA EN HOJA 10X50 4M/4M 1.10 X 11.00 M,HOJ    ,15.27,110
MH105044110700,MEL       ,MALLA EN HOJA 10X50 4M/4M 1.10 X 7.00 M ,HOJ    ,9.75,70
MH1050441111000,MEL       ,MALLA EN HOJA 10X50 4M/4M 1.11 X 10.00 M,HOJ    ,14,110
MH10504M11111,MEL       ,MALLA EN HOJA 10X50 4M/4M 1.11 X 11.00 M,HOJ    ,12.5,112
MH10504M11112,MEL       ,MALLA EN HOJA 10X50 4M/4M 1.11 X 12.00 M,HOJ    ,17.239,119
MH10504M111625,MEL       ,MALLA EN HOJA 10X50 4M/4M 1.11 X 7.10 M ,HOJ    ,8.98,62
MH10504M111710,MEL       ,MALLA EN HOJA 10X50 4M/4M 1.11 X 7.10 M ,HOJ    ,10.2,71
MH10504M111830,MEL       ,MALLA EN HOJA 10X50 4M/4M 1.11 X 8.30 M ,HOJ    ,11.923,83
MH10504M111870,MEL       ,MALLA EN HOJA 10X50 4M/4M 1.11 X 8.70 mt,HOJ    ,12.5,88
MH10504M111950,MEL       ,MALLA EN HOJA 10X50 4M/4M 1.11 X 9.50 MT,HOJ    ,13.648,95
MH10504M118,MEL       ,MALLA EN HOJA 10X50 4M/4M 1.11 X 8.00 MT,HOJ    ,11.1,80
MH10504M1188,MEL       ,MALLA EN HOJA 10X50 4M/4M 1.11 X 8.80 MT,HOJ    ,11.1,
MH10504M119,MEL       ,MALLA EN HOJA 10X50 4M/4M 1.11 X 9.00 MT,HOJ    ,12.93,91
MH10604M11110,MEL       ,MALLA EN HOJA 10X60 4M/4M 1.11 X 10.00 M,HOJ    ,14.3658,
MH10604M11112,MEL       ,MALLA EN HOJA 10X60 4M/4M 1.11 X 12.00 M,HOJ    ,17.239,
MH1550441101025,MEL       ,MALLA EN HOJA 15X50 4M/4M 1.10 X 10.25 M,HOJ    ,10.5,68
MH15504M11112,MEL       ,MALLA EN HOJA 15X50 4M/4M 1.11 X 12.00 M,HOJ    ,12.284,80
MH1838257599,MEL       ,"MALLA EN HOJA 18 CM 3/8"" 2.57X5.99 MTS  ",HOJ    ,99.12,
MH1840636311112,MEL       ,MALLA EN HOJA 18X40 6.3M/6.3 1.11 X 12.0,HOJ    ,23.75,66
MH1840636322212,MEL       ,MALLA EN HOJA 18X40 6.3M/6.3 2.22 X 12.0,HOJ    ,47.5,66
MH2412245605,MEL       ,"MALLA EN HOJA 24 CM 1/2"" 2.45X6.05 MTS  ",HOJ    ,134.38,
MH2438245605,MEL       ,"MALLA EN HOJA 24 CM 3/8"" 2.45X6.05 MTS  ",HOJ    ,75.59,
MH315205259169,MEL       ,"MALLA EN HOJA3X1.5 .205""/.205"" 2.59X1.69",HOJ    ,29.13,
MH4316,MEL       ,MALLA 4X4 C- 3/16 DE 2.50 X 3.00 M      ,HOJ    ,20.63,
MH44,MEL       ,MALLA EN HOJA 4*4 4/4 2.50 * 6.00 M     ,HOJ    ,53.7,59
MH44265800,MEL       ,MALLA 4X4 4/4 DE 2.65 X 8.00 MTS        ,HOJ    ,83.3,
MH44316150270,MEL       ,MALLA 4X4 C- 3/16 DE 1.50 X 2.70 M      ,HOJ    ,13.34,
MH44316180300,MEL       ,MALLA 4X4 C- 3/16 DE 1.80 X 3.00 M      ,HOJ    ,17.11,30
MH44316250300,MEL       ,MALLA 4X4 C- 3/16 DE 2.50 X 3.00 M      ,HOJ    ,21.32,30
MH46,MEL       ,MALLA EN HOJA 4*4 6/6 2.50 * 6.00 M     ,HOJ    ,43.67,38
MH610,MEL       ,MALLA EN HOJA 6*6 10/10 2.50 * 6.00 M   ,HOJ    ,12.3,38
MH62,MEL       ,MALLA EN HOJA 6*6 2/2 2.50 * 6.00 M     ,HOJ    ,50.09,
MH64,MEL       ,MALLA EN HOJA 6*6 4/4 2.50 * 6.00 M     ,HOJ    ,35.3,38
MH64195,MEL       ,MALLA EN HOJA 6*6 4/4 1.95 * 6.00 M     ,HOJ    ,28.28,
MH64M_MQ,MAQ       ,MAQUILA MALLA EN HOJA 6*6 4/4           ,KG     ,1,
MH65,MEL       ,MALLA EN HOJA 6*6 5/5 2.50 * 6.00 M     ,HOJ    ,33.74,
MH66,MEL       ,MALLA EN HOJA 6*6 6/6 2.50 * 6.00 M     ,HOJ    ,25.8,38
MH66140600,MEL       ,MALLA EN HOJA 6*6 6/6 1.40 * 6.00 M     ,HOJ    ,16.6,38
MH66190600,MEL       ,MALLA EN HOJA 6*6 6/6 1.90 * 6.00 M     ,HOJ    ,22.04,38
MH66230800,MEL       ,MALLA EN HOJA 6*6 6/6 2.30 * 8.00 M     ,HOJ    ,36.8,38
MH662308002,MEL       ,MALLA EN HOJA 6*6 6/6 2.30 * 8.00 M     ,HOJ    ,29.74,38
MH66240600,MEL       ,MALLA EN HOJA 6*6 6/6 2.40 * 6.00 M     ,HOJ    ,28.18,40
MH66260600,MEL       ,MALLA EN HOJA 6*6 6/6 2.60 * 6.00 M     ,HOJ    ,31.12,40
MH66300600,MEL       ,MALLA EN HOJA 6*6 6/6 3.00 * 6.00 M     ,HOJ    ,35.236,38
MH66316316250600,MEL       ,MALLA EN HOJA 6*6 3/16/3/16 2.50 * 6.00 ,HOJ    ,27.73,38
MH66516,MEL       ,MALLA EN HOJA 6X6 5/16 / 5/16 2.50X6.0  ,HOJ    ,76.11,38
MH66661651000,MEL       ,MALLA EN HOJA 6*6 6/6 1.65 * 10.00 M    ,HOJ    ,32.07,63
MH66661651150,MEL       ,MALLA EN HOJA 6*6 6/6 1.65 * 11.50 M    ,HOJ    ,36.9,72
MH66661651250,MEL       ,MALLA EN HOJA 6*6 6/6 1.65 * 12.50 M    ,HOJ    ,40.21,79
MH6666165550,MEL       ,MALLA EN HOJA 6*6 6/6 1.65 * 5.50 M     ,HOJ    ,17.81,34
MH6666165650,MEL       ,MALLA EN HOJA 6*6 6/6 1.65 * 6.50 M     ,HOJ    ,20.87,41
MH66662651000,MEL       ,MALLA EN HOJA 6*6 6/6 2.65 * 10.00 M    ,HOJ    ,52,63
MH66662651150,MEL       ,MALLA EN HOJA 6*6 6/6 2.65 * 11.50 M    ,HOJ    ,59.83,72
MH66662651250,MEL       ,MALLA EN HOJA 6*6 6/6 2.65 * 12.50 M    ,HOJ    ,65.19,79
MH6666265550,MEL       ,MALLA EN HOJA 6*6 6/6 2.65 * 5.50 M     ,HOJ    ,28.87,34
MH6666265650,MEL       ,MALLA EN HOJA 6*6 6/6 2.65 * 6.50 M     ,HOJ    ,33.84,41
MH6688200250BARB,MEL       ,MALLA EN HOJA 6*6 8/8 2.50 * 2.00 BARBA ,HOJ    ,5.91,17
MH66882501150BARB,MEL       ,MALLA EN HOJA 6*6 8/8 2.50 * 11.50 BARBA,HOJ    ,33.05,72
MH66882501250BARB,MEL       ,MALLA EN HOJA 6*6 8/8 2.50 * 12.50 BARBA,HOJ    ,36.03,79
MH6688250550BARB,MEL       ,MALLA EN HOJA 6*6 8/8 2.50 * 5.50 BARBA ,HOJ    ,19.42,34
MH6688250600BARBA,MEL       ,MALLA EN HOJA 6*6 8/8 2.50 * 6.00 BARBA ,HOJ    ,17.73,
MH6688250650,MEL       ,MALLA EN HOJA 6*6 8/8 2.50 * 6.50 BARBA ,HOJ    ,18.69,
MH6688250650BARB,MEL       ,MALLA EN HOJA 6*6 8/8 2.50 * 6.50 BARBA ,HOJ    ,18.69,41
MH66882801150BARB,MEL       ,MALLA EN HOJA 6*6 8/8 2.80 * 11.50 BARBA,HOJ    ,37.83,72
MH6688280800BARB,MEL       ,MALLA EN HOJA 6*6 8/8 2.80 * 8.00 BARBA ,HOJ    ,26.36,50
MH68,MEL       ,MALLA EN HOJA 6*6 8/8 2.50 * 6.00 M     ,HOJ    ,17.9,38
MH68130600,MEL       ,MALLA EN HOJA 6*6 8/8 1.30 * 6.00 M     ,HOJ    ,11.03,38
MH68140600,MEL       ,MALLA EN HOJA 6*6 8/8 1.40 * 6.00 M     ,HOJ    ,12.08,
MH68163600,MEL       ,MALLA EN HOJA 6*6 8/8 1.63 * 6.00 M     ,HOJ    ,9.34,40
MH68190600,MEL       ,MALLA EN HOJA 6*6 8/8 1.90 * 6.00 M     ,HOJ    ,16.02,
MH68210600,MEL       ,MALLA EN HOJA 6*6 8/8 2.10 * 6.00 M     ,HOJ    ,9.34,40
MH683600,MEL       ,MALLA EN HOJA 6*6 8/8 3.00 * 6.00 M     ,HOJ    ,23.732,38
MH68M_MQ,MAQ       ,MAQUILA MALLA EN HOJA 6X6 8/8 2.5X40    ,KG     ,1,
MHE2225150,RET       ,Malla hexagonal 22/25 a 1.50m.(pollera) ,RL     ,18,
MHEX2050150,RET       ,Malla hexagonal 20/50 a 1.50m(gallinera),RL     ,33,
MHEX2050175,RET       ,Malla hexagonal 20/50 a 1.75m(gallinera),RL     ,15,
MHEX2050200,RET       ,Malla hexagonal 20/50 a 2.00m(gallinera),RL     ,20,
MHEX2225100,RET       ,Malla hexagonal 22/25 a 1.00 m.(pollera),RL     ,15,
MHEX2225120,RET       ,MALLA HEXAGONAL 22/25 A 1.20 MTS (POLLER,RL     ,33,
MHEX2225175,RET       ,Malla hexagonal 22/25 a 1.75 m.(pollera),RL     ,26,
MHEX2225200,RET       ,Malla hexagonal 22/25 a 2.00 m.(pollera),RL     ,30,
MHEX231390,RET       ,Malla hexagonal 23/13 a .90 m.(pajarera),RL     ,22,
MHSEG,MEL       ,MALLA EN HOJA SEGUNDA                   ,KG     ,1,
MI12121414240390,MIN       ,M.ING 12X12 1/4X1/4 A 240X390 MT        ,HOJ    ,39.34,78
MI14217538516121,MIN       ,"M ING 14.2X17.5CM/3/8""X5/16"" 1.21X3.20M ",HOJ    ,24.9,48
MI153205205661,MIN       ,"MALLA ING 1.5X3 .205""X.205"" 66""X100.5""  ",HOJ    ,29.5,52
MI1532052056610,MIN       ,"M.ING 1.5""X3"" .205""X.205 66""X100""       ",HOJ    ,29.5,52
MI20201414234120,MIN       ,M.ING 20X20 1/4 A 2.34 MT X 12.00 MT    ,HOJ    ,70.55,24
MI2020C823M,MIN       ,M.ING. 20CX20C 8.23MM/8.23MM 10.15 X2.65,HOJ    ,112.44,49
MI28316812264,MIN       ,"MALLA INGENIERIA 2X8 3/16""/ 8 1.22X6.40 ",HOJ    ,25.53,53
MI28449411195215,MIN       ,M ING 5.08X20.32 4.49/4.11MM 1.95x2.15m ,HOJ    ,13.43,43
MI28449449195215,MIN       ,M ING 5.08X20.32 4.49/4.49MM 1.95x2.15M ,HOJ    ,12.82,29
MI2846,MIN       ,MALLA INGENIERIA 2*8 4/6 1.22 * 7.68 MTS,HOJ    ,45.36,39
MI2848,MIN       ,MALLA INGENIERIA 2*8 4/8  A 1.22M*6.7M  ,HOJ    ,37.85,33
MI2848122580,MIN       ,MALLA INGENIERIA 2X8 4/8 1.22 X 5.80 MTS,HOJ    ,36.43,29
MI285164122350,MIN       ,"MALLA ING 2X8 5/16""/4 1.22 X 3.50 MTS   ",HOJ    ,37.05,70
MI2854M8148490,MIN       ,MALLA INGENIERIA 2X8 5.4MM/8 1.48X4.90  ,HOJ    ,29.13,25
MI2856449121768,MIN       ,M ING 5.08X20.32 5.6MM/4.49MM 1.21X7.68M,HOJ    ,39.603,38
MI2856449122345,MIN       ,M ING 5.08X20.32 5.6MM/4.49MM 1.22X3.45M,HOJ    ,18.59,17
MI2856449122690,MIN       ,M ING 5.08X20.32 5.6MM/4.49MM 1.22X6.90M,HOJ    ,36.29,35
MI2856449195402,MIN       ,M ING 5.08X20.32 5.6MM/4.49MM 1.95X4.02M,HOJ    ,34.36,53
MI2856M8122768,MIN       ,MALLA INGENIERIA 2X8 5.6MM/8 1.22 7.68  ,HOJ    ,41.956,39
MI28607411121768,MIN       ,M ING 5.08X20.32 6.07/4.11MM 1.21X7.68M ,HOJ    ,46.7,39
MI28607411122345,MIN       ,M ING 5.08X20.32 6.07/4.11MM 1.22X3.45M ,HOJ    ,20.99,19
MI28607411195402,MIN       ,M ING 5.08X20.32 6.07/4.11MM 1.95x4.02m ,HOJ    ,38.77,20
MI28607449195265,MIN       ,M ING 5.08X20.32 6.07/4.49MM 1.95X2.65M ,HOJ    ,26.26,36
MI28619411195265,MIN       ,M ING 5.08X20.32 6.19/4.11MM 1.95X2.65 M,HOJ    ,26.43,52
MI28635411122380,MIN       ,M ING 5.08X20.32 6.35/4.11 1.22X3.80M   ,HOJ    ,25.23,74
MI28635449122380,MIN       ,M ING 5.08X20.32 6.35/4.49 1.22X3.80M   ,HOJ    ,25.56,38
MI28635449122760,MIN       ,M ING 5.08X20.32 6.35/4.49 1.22X7.60M   ,HOJ    ,52.88,39
MI28635572121768,MIN       ,M ING 5.08X20.32 6.35/5.72MM 1.21X7.68M ,HOJ    ,55.17,38
MI28635572122345,MIN       ,M ING 5.08X20.32 6.35/5.72MM 1.22X3.45M ,HOJ    ,24.8,17
MI28635572122380,MIN       ,M ING 5.08X20.32 6.35/5.72 1.22X3.80M   ,HOJ    ,27.38,19
MI286814855,MIN       ,MALLA INGENIERIA 2X8 6/8 1.48X5.50      ,HOJ    ,27.57,28
MI2871M6122670,MIN       ,MALLA INGENIERIA 2X8 7.1MM/6 1.22 6.70  ,HOJ    ,57.95,33
MI28757488122380,MIN       ,M ING 5.08X20.32 7.57/4.88MM 1.22X3.80M ,HOJ    ,35.62,38
MI28757488122760,MIN       ,M ING 5.08X20.32 7.57/4.88MM 1.22X7.60M ,HOJ    ,72.73,150
MI28757488195395,MIN       ,M ING 5.08X20.32 7.57/4.88MM 1.95X3.95M ,HOJ    ,58.75,52
MI28757M6,MIN       ,MALLA INGENIERIA 2*8 7.57mm/6 A1.22*6.7M,HOJ    ,64.93,34
MI28776526122380,MIN       ,M ING 5.08X20.32 7.76/5.26MM 1.22X3.80M ,HOJ    ,37.81,19
MI28776526195395,MIN       ,M ING 5.08X20.32 7.76/5.26MM 1.95x3.95m ,HOJ    ,62.04,20
MI28776M56M14849,MIN       ,MALLA ING 2X8 7.76MM/5.6MM 1.48X4.90    ,HOJ    ,59.62,25
MI288572122380,MIN       ,M ING 5.08X20.32 8MM/5.72 1.22X3.80M    ,HOJ    ,40.66,19
MI2887456195395,MIN       ,M ING 5.08X20.32 8.74/5.6MM 1.95X3.95M  ,HOJ    ,78.21,52
MI28921607195395,MIN       ,M ING 5.08X20.32 9.21/6.07MM 1.95x3.95m ,HOJ    ,86.4,78
MI3100004239520,MIN       ,MALLA INGENIERIA 3X10 000/4 2.39 X 5.20M,HOJ    ,94.41,69
MI3100004239523,MIN       ,MALLA INGENIERIA 3X10 000/4 2.39 X 5.23M,HOJ    ,94.92,70
MI310006238349,MIN       ,MALLA INGENIERIA 3X10 00/6  2.38 X 3.49 ,HOJ    ,53.58,46
MI31004520239,MIN       ,MALLA ING 3X10 000/4 5.20 X 2.39 MTS    ,HOJ    ,112.97,33
MI31006239587,MIN       ,M. ING 3X10 0/6 2.39 X 5.87 MTS         ,HOJ    ,61.35,78
MI3101/48239480,MIN       ,"M. ING 3X10 1/4""/ 8  2.39 X 4.80 MT     ",HOJ    ,42.03,64
MI31010046323981,MIN       ,MALLA ING 3X10 1004/6.35 2.39X8.11      ,HOJ    ,180.5,33
MI31010063239811,MIN       ,M. ING 3X10 7.03MMX4.66MM 2.39X4.30 MTS ,HOJ    ,180.5,33
MI31010114239715,MIN       ,M. ING 3X10 10.1/6.35M 2.39 X 7.15 MTS  ,HOJ    ,156.58,30
MI31010M14239430,MIN       ,M. ING 3X10 10MM/1/4 2.39 X 4.30 MTS    ,HOJ    ,92.93,
MI3101316239705,MIN       ,"M. ING 3X10 1/3/16"" 2.39 X 7.05 MTS     ",HOJ    ,61.35,
MI31014239811,MIN       ,MALLA ING 3X10 1/4 2.39 X 8.11 MTS      ,HOJ    ,96.04,
MI31017239705,MIN       ,M ING 3X10 1/7 2.39 X 7.05 MTS          ,HOJ    ,78.3,
MI310216239480,MIN       ,M. ING 3X10 2/16 2.39X4.80 MTS          ,HOJ    ,61.35,
MI31026239480,MIN       ,MALLA INGENIERIA 3X10 2/6 2.39 X 4.8 M  ,HOJ    ,47.84,
MI31038239587,MIN       ,M. ING 3X10 3/8 2.39 X 5.87 MTS         ,HOJ    ,48.95,
MI3105/165242815,MIN       ,M. ING 3X10 5/16/5 2.42 X 8.15 MTS      ,HOJ    ,114.5,
MI3105166239430,MIN       ,"MALLA INGENIERIA3X10 5/16""/6 2.39 X 4.30",HOJ    ,58.075,
MI3105340239480,MIN       ,M. ING 3X10 5.26/3.40MM 2.39X4.80 M     ,HOJ    ,28.79,
MI31059237423943,MIN       ,MALLA ING 3X10 5.92/3.74M 2.39X4.30     ,HOJ    ,35.32,
MI31059M8148550,MIN       ,MALLA INGENIERIA 3X10 5.9MM/8 1.48X5.50 ,HOJ    ,26.89,
MI31059M9148550,MIN       ,MALLA INGENIERIA 3X10 5.9MM/9 1.48X5.50 ,HOJ    ,53.58,
MI3106.2M8236416,MIN       ,MALLA INGENIERIA 3X10 6.2MM/8  2.36X4.16,HOJ    ,35.726,
MI3106154123942,MIN       ,"M,ING 3X10 6.15/4.11 MM 2.39 X 4.22     ",HOJ    ,35.64,33
MI31066M8148490,MIN       ,MALLA INGENIERIA 3X10 6.6MM/8 1.48X4.90 ,HOJ    ,29.17,
MI31068429239475,MIN       ,M. ING 3X10 6.84MM/4.29MM 2.39 X 4.75 MT,HOJ    ,48.89,18
MI310685M7242925,MIN       ,M. ING 3X10 6.85M/7 2.42 X 9.25 MTS     ,HOJ    ,96.5,
MI31068M6239480,MIN       ,M. ING 3X10 6.8M/6 2.39 X 4.80 MTS      ,HOJ    ,49.72,64
MI31070344239523,MIN       ,M. ING 3X10 7.03MMX4.44MM 2.39X5.23 MTS ,HOJ    ,53.61,
MI3107145239382,MIN       ,"M,ING 3X10 7.1 /4.51MM 2.39 X 3.82 MT   ",HOJ    ,46.96,51
MI31073466239430,MIN       ,M. ING 3X10 7.03MMX4.66MM 2.39X4.30 MTS ,HOJ    ,49.55,
MI31073M46239430,MIN       ,M. ING 3X10 7.3MMX4.6MM 2.39X4.30 MTS   ,HOJ    ,49.4,
MI3107447239364,MIN       ,M. ING 3X10 7.4MM/4.7MM 2.39 X 3.64 MTS ,HOJ    ,42.97,14
MI31075316239430,MIN       ,M. ING 3X10 7.5MM/3/16 2.39 X 4.30 MTS  ,HOJ    ,53.61,
MI31075M4915240,MIN       ,MALLA ING 3X10 7.5 MM/4 9.15 X 2.40 MTS ,HOJ    ,94.903,
MI31077488239924,MIN       ,M. ING 3X10 7.7 MM/4.88 MM 2.39 X 9.24 M,HOJ    ,120.81,37
MI3107749239587,MIN       ,M. ING 3X10 7.7MM/4.9MM 2.39 X 5.87 MTS ,HOJ    ,74.91,23
MI3107831623943,MIN       ,M. ING 3X10 7.8MM/3/16 2.39 X 4.30 MTS  ,HOJ    ,56.02,37
MI31078495239430,MIN       ,M. ING 3X10 7.8MM/4.95MM 2.39 X 4.30 MTS,HOJ    ,56.02,17
MI3108036239587,MIN       ,M. ING 3X10 8.03MM/C-6 2.39 X 5.87 MT   ,HOJ    ,83.08,23
MI310803M6587239,MIN       ,MALLA ING 3X10 8.03MM/6 5.87 X 2.39 MTS ,HOJ    ,80.16,
MI31081M6239587,MIN       ,MALLA INGENIERIA 3X10 8.1MM/6 2.39 X5.87,HOJ    ,82.47,78
MI3108248239621,MIN       ,MALLA ING 3X10 8.2M/M4.88MM 2.39X6.21   ,HOJ    ,82.47,
MI3108255239715,MIN       ,M. ING 3X10 8.2/5.5 2.39 M X 7.15 M     ,HOJ    ,107.54,33
MI31082M6M239621,MIN       ,M. ING 3X10 8.2MM/6MM 2.39X6.21 MTS     ,HOJ    ,61.35,
MI31085355239332,MIN       ,M. ING 3X10 8.53/5.5M 2.39X3.32 MTS     ,HOJ    ,52.4,13
MI310854239621,MIN       ,M. ING 3X10 8.5MM/4MM 2.39X6.21 MTS     ,HOJ    ,61.35,
MI310855239621,MIN       ,M. ING 3X10 8.5/5.26M 2.39X6.21 MTS     ,HOJ    ,95.91,
MI31085536391148,MIN       ,MALLA ING 3X10 8.5MM/5.36 39X11 48M     ,HOJ    ,178.4,45
MI31086M6239480,MIN       ,MALLA ING 3X10 8.6MM/6 2.39 X 4.80 MTS  ,HOJ    ,74.87,
MI31087655239815,MIN       ,M. ING 3X10 8.76MM/5.5 MM 2.39 X 8.15 M ,HOJ    ,137.8,33
MI31087M4807240,MIN       ,MALLA ING 3X10 8.7MM/4 8.07 X 2.40 MTS  ,HOJ    ,94.903,
MI31087M5239811,MIN       ,MALLA ING 3X10 8.7MM/5 2.39 X 8.11 MTS  ,HOJ    ,94.903,31
MI31087M6925240,MIN       ,MALLA ING. 3X10 8.7MM/6 9.25 X 2.40 M   ,HOJ    ,44.273,
MI3108956239523,MIN       ,M. ING 3X10 8.9MM/5.6MM 2.39 X 5.23 MTS ,HOJ    ,88.88,20
MI3108M5239587,MIN       ,MALLA INGENIERIA 3X10 8.1MM/5 2.39 X5.87,HOJ    ,80.65,23
MI3109214239523,MIN       ,M. ING 3X10 9.21MM/C-4 2.39 X 5.23 MT   ,HOJ    ,97.63,70
MI310925M4239523,MIN       ,M. ING 3X10 9.25MM/4 2.39 X 5.23 MTS    ,HOJ    ,95.65,70
MI31095M3148490,MIN       ,MALLA INGENIERIA 3X10 9.5MM/3 1.48X4.90 ,HOJ    ,61.35,
MI3109816239105,MIN       ,MALLA INGENIERIA 3X10 9.81MM/6.2 39X10 5,HOJ    ,208.03,41
MI3109M4239523,MIN       ,M. ING 3X10 9MM/4 2.39 X 5.23 MTS       ,HOJ    ,61.35,
MI3337M195460,MIN       ,MALLA ING 3X3 3MM/7MM 1.95X4.60         ,HOJ    ,44.273,
MI33449449197118,MIN       ,MALLA ING 3X3 449MM/449MM 1.975X1.18    ,HOJ    ,7.78,15
MI33576411149320,MIN       ,"M,ING 3X3 5.76/4.11 MM 1.49X3.20 MT     ",HOJ    ,19.57,
MI33615411149320,MIN       ,"M,ING 3X3 6.15/4.11 MM 1.49X3.20 MT     ",HOJ    ,21.4,
MI33921635197115,MIN       ,MALLA ING 3X3 9.21MM/6.35MM 1.975X1.15  ,HOJ    ,23.96,15
MI34742566121270,MIN       ,M.ING 7.62X10CM 7.42MM/5.66MM 1.21X2.70 ,HOJ    ,21.07,
MI347597195320,MIN       ,MALLA ING 3*4 7MM/5.97MM 1.95X3.20 MT   ,HOJ    ,38.33,43
MI347598236320,MIN       ,MALLA ING 3*4 7MM/5.98MM 2.36X3.20 MT   ,HOJ    ,46.6,31
MI34837612121370,MIN       ,M ING 20.32X10 CM 8.37/6.12MM 1.21X3.70M,HOJ    ,35.89,36
MI348597170330,MIN       ,MALLA ING 3*4 8MM/5.97MM 1.70X3.30 MT   ,HOJ    ,42.18,45
MI34875612195270,MIN       ,M.ING 7.62X10 cm 8.75MM/6.12MM 1.95X2.70,HOJ    ,45.2,26
MI380004239795,MIN       ,M.ING 7.62X20.32 000/4 2.39x7.95        ,HOJ    ,147.56,
MI3806172450,MIN       ,MALLA INGENIERIA 3*8 0/6  1.72 X 4.50 M ,HOJ    ,44.273,
MI3806M172450,MIN       ,MALLA INGENIERIA 3*8 0/6MM 1.72 X 4.50 M,HOJ    ,43.49,
MI381/48172450,MIN       ,"MALLA INGENIERIA 3x8 1/4""/8 1.72 X4.50 M",HOJ    ,30.22,
MI381062239715,MIN       ,M.ING 7.62X20.32 10.6/2 2.39x7.15       ,HOJ    ,176.1,
MI3810M2172450,MIN       ,MALLA INGENIERIA 3*8 10MM/2 1.72 4.5    ,HOJ    ,74.16,
MI3810M2196450,MIN       ,MALLA INGENIERIA 3*8 10MM/2 1.96 X 4.5  ,HOJ    ,83.93,
MI3810M4148490,MIN       ,MALLA INGENIERIA 3*8 10MM/4 1.48 4.9    ,HOJ    ,67.46,
MI3838172510,MIN       ,MALLA INGENIERIA 3*8 3/8  1.72 X 5.10 M ,HOJ    ,32.178,
MI3838M172510,MIN       ,MALLA INGENIERIA 3*8 3/8MM 1.72 X 5.10 M,HOJ    ,31.5792,
MI38449449197115,MIN       ,M.ING 3X8 4.49MM/4.49MM 1.975X1.15      ,HOJ    ,5.21,5
MI38449449197118,MIN       ,MALLA ING 3X8 4.49MM/4.49MM 1.975X1.18  ,HOJ    ,5.308,5
MI38488449197160,MIN       ,M.ING 3X8 4.88/4.49 1.975X1.6           ,HOJ    ,8.077,7
MI38523343170460,MIN       ,M.ING 7.62X20.32 5.23MM/3.43MM 1.70X4.60,HOJ    ,20.63,22
MI38526343170500,MIN       ,M.ING 7.62X20.32 5.26MM/3.43MM 1.70X5.00,HOJ    ,22.65,24
MI38526343170550,MIN       ,M.ING 7.62X20.32 5.26MM/3.43MM 1.70X5.50,HOJ    ,25.47,27
MI38526411121220,MIN       ,M.ING 7.62X20CM 5.26MM/4.11MM 1.21X2.20 ,HOJ    ,7.37,
MI38526411121270,MIN       ,M.ING 7.62X20CM 5.26MM/4.11MM 1.21X2.70 ,HOJ    ,9.11,
MI38526411121390,MIN       ,M.ING 7.62X20.0 5.26MM/4.11MM 1.21X3.90 ,HOJ    ,13.14,
MI38526411149320,MIN       ,"M,ING 3X8 5.26/4.11 MM 1.49X3.20 MT     ",HOJ    ,13.37,
MI38526411149540,MIN       ,"M,ING 3X8 5.26/4.11 MM 1.49X5.40 MT     ",HOJ    ,22.56,
MI38526411235400,MIN       ,M.ING 7.62X20.32 5.26MM/4.11MM 2.35X4.00,HOJ    ,26,
MI38526411235440,MIN       ,M.ING 7.62X20.32 5.26MM/4.11MM 2.35X4.40,HOJ    ,28.59,
MI38526526235320,MIN       ,M.ING 7.62X20.32 5.26MM/5.26MM 2.35X3.20,HOJ    ,23.28,
MI38536488195320,MIN       ,M.ING 7.62X20.32 5.36MM/4.88MM 1.95X3.20,HOJ    ,19.28,15
MI3854343121640,MIN       ,M ING 7.62X20.32 5.4MM/3.43MM 1.21X6.40M,HOJ    ,21.2,31
MI3854343121760,MIN       ,M ING 7.62X20.32 5.4MM/3.43MM 1.21X7.60M,HOJ    ,25.19,37
MI3856449172265,MIN       ,M.ING 7.62X20.32 5.6MM/4.49MM 1.72X2.65 ,HOJ    ,13.91,14
MI3856449172510,MIN       ,M.ING 7.62X20.32 5.6MM/4.49MM 1.72X5.10 ,HOJ    ,27.97,26
MI3856449236228,MIN       ,M ING 7.62X20.32 5.6MM/4.49MM 2.36X2.28M,HOJ    ,17.15,31
MI3856449238165,MIN       ,M ING 7.62X20.32 5.6MM/4.49MM 2.38X1.65M,HOJ    ,12.855,31
MI3856M8172510,MIN       ,MALLA ING 3x8 5.6MM/8 1.72 X 5.10 MTS   ,HOJ    ,27,
MI38572449148265,MIN       ,M.ING 7.62X20.32 5.72MM/4.49MM 1.48x2.65,HOJ    ,13.28,14
MI38572449148280,MIN       ,M.ING 7.62X20.32 5.72MM/4.49MM 1.48x2.80,HOJ    ,13.89,14
MI38587488195270,MIN       ,M.ING 7.62X20CM 5.87MM/4.88MM 1.95X2.70 ,HOJ    ,18.88,13
MI3859M8148550,MIN       ,MALLA INGENIERIA 3X8 5.9MM/8 1.48X5.50  ,HOJ    ,27.66,
MI38600411149320,MIN       ,"M,ING 3X8 6.00/4.11 MM 1.49X3.20 MT     ",HOJ    ,16.65,
MI38602M8148550,MIN       ,MALLA INGENIERIA 3X8 6.02MM/8 1.48X5.50 ,HOJ    ,28.69,
MI38607411148265,MIN       ,M.ING 7.62X20.32 6.07MM/4.11MM 1.48x2.65,HOJ    ,14.197,35
MI38607411148280,MIN       ,M.ING 7.62X20.32 6.07MM/4.11MM 1.48x2.80,HOJ    ,14.9,13
MI38607411148287,MIN       ,M.ING 7.62X20.32 6.07MM/4.11MM 1.48x2.87,HOJ    ,15.34,
MI38607411172265,MIN       ,M.ING 7.62X20.32 6.07MM/4.11MM 1.72X2.65,HOJ    ,16.175,
MI38607411172510,MIN       ,M.ING 7.62X20.32 6.07MM/4.11MM 1.72X5.10,HOJ    ,31.24,
MI38607411238165,MIN       ,M.ING 7.62X20.32 6.07MM/4.11MM 2.38X1.65,HOJ    ,13.85,
MI38607449238165,MIN       ,M.ING7.62X20.32 6.07/4.49.11MM 2.38x1.65,HOJ    ,14.3,8
MI38607449238220,MIN       ,M.ING7.62X20.32 6.07/4.49.11MM 2.38x2.20,HOJ    ,19.2,31
MI38607488236228,MIN       ,M.ING 7.62X20.32 6.07MM/4.88MM 2.36X2.28,HOJ    ,20.22,11
MI3861385195400,MIN       ,M.ING 3X8 6.1MM/3.85MM 1.95X4.00 MT     ,HOJ    ,27.36,19
MI3861385195440,MIN       ,M.ING 3X8 6.1MM/3.85MM 1.95X4.40 MT     ,HOJ    ,30.1,58
MI3861385236400,MIN       ,M.ING 3X8 6.1MM/3.85MM 2.36X4.00 MT     ,HOJ    ,32.75,19
MI3861385236440,MIN       ,M.ING 3X8 6.1MM/3.85MM 2.36X4.40 MT     ,HOJ    ,36.04,21
MI3861488195530,MIN       ,M.ING 7.62X20CM 6.1MM/4.88MM 1.95X5.30M ,HOJ    ,39.26,26
MI3861539148600,MIN       ,M.ING 3X8 6.15MM/3.9MM 1.48X6.00 MT     ,HOJ    ,32.08,29
MI38635403148650,MIN       ,M.ING 3X8 6.35MM/4.03MM 1.48X6.50 MT    ,HOJ    ,36.98,31
MI38635411149320,MIN       ,"M,ING 3X8 6.35/4.11 MM 1.49X3.20 MT     ",HOJ    ,18.3,
MI38635449148297,MIN       ,M.ING 7.62X20.32 6.35MM/4.49MM 1.48X2.97,HOJ    ,17.54,15
MI38635449197115,MIN       ,M.ING 3X8 6.35MM/4.49MM 1.975X1.15      ,HOJ    ,8.91,5
MI38635449236195,MIN       ,M ING7.62X20.32 6.35 MM/4.49MM 2.36X1.95,HOJ    ,17.94,31
MI38664488236220,MIN       ,M.ING 7.62X20.32 6.64MM/4.88MM 2.36X2.20,HOJ    ,22.3,10
MI38664488236440,MIN       ,M.ING 7.62X20.32 6.64MM/4.88MM 2.36X4.40,HOJ    ,44.6,58
MI38667449114829,MIN       ,M.ING no usar***                        ,HOJ    ,19.05,
MI38667449148297,MIN       ,M.ING 7.62X20.32 6.67MM/4.49MM 1.48X2.97,HOJ    ,19.05,15
MI38667449236195,MIN       ,M.ING 7.62X20.32 6.67MM/4.49MM 2.36X1.95,HOJ    ,19.53,10
MI38667488238220,MIN       ,M.ING 7.62X20.32 6.67MM/4.88MM 2.38X2.20,HOJ    ,22.55,10
MI38667499148297,MIN       ,M.ING 7.62X20.32 6.67MM/4.99MM 1.48X2.97,HOJ    ,19.7,14
MI3866M8148490,MIN       ,MALLA INGENIERIA 3X8 6.6MM/8 1.48X4.90  ,HOJ    ,29.79,
MI38672844170600,MIN       ,M.ING 3X8 6.72MM/8.44MM 1.70X6.00       ,HOJ    ,60.69,29
MI38701449172220,MIN       ,M.ING 7.62X20.32 7.01MM/4.49MM 1.72X2.20,HOJ    ,17.69,33
MI387346239705,MIN       ,M.ING 7.62X20.32 7.3MM/4.6MM 2.39X7.05 M,HOJ    ,85,
MI38751460239705,MIN       ,"M.ING 3X8"" 7.51/4.60 MM 239X7.05 M      ",HOJ    ,87.53,34
MI3875146223971,MIN       ,MALLA ING 3X8 7.51/4.62 M 2.39X7.1 M    ,HOJ    ,89.61,
MI38751462239710,MIN       ,"M.ING 3X8"" 8.45MM/5.26 MM 2.39X6.20 M   ",HOJ    ,99.76,
MI387547239925,MIN       ,M.ING 7.62X20.32 7.5/4.7 MM X239X925    ,HOJ    ,117.4,45
MI387547M195605,MIN       ,MALLA ING 3X8 7.5MM/4.7MM 1.95X6.05     ,HOJ    ,44.273,
MI387547M195705,MIN       ,MALLA ING. 3X8 7.5MM/4.7MM  1.95X7.05   ,HOJ    ,44.273,
MI38757488148270,MIN       ,M.ING 7.62X20.32 7.57MM/4.88MM 1.48X2.70,HOJ    ,22.12,14
MI38757488172220,MIN       ,M.ING 7.62X20.32 7.57MM/4.88MM 1.72X2.20,HOJ    ,20.65,
MI38757488238220,MIN       ,M.ING 7.62X20.32 7.57MM/4.88MM 2.38X2.20,HOJ    ,28.65,32
MI38760482391145,MIN       ,M ING 3X8 7.60/4.8 MM 2.39 X11.45 M     ,HOJ    ,150,7
MI3877488236320,MIN       ,M.ING 7.62X20.32 7.7MM/4.88MM 2.36x3.20 ,HOJ    ,41.72,43
MI3877488239587,MIN       ,M.ING 7.62X20.32 7.7MM/4.88MM 2.39x5.87M,HOJ    ,76.53,28
MI387749239590,MIN       ,M.ING 7.62X20.32 7.7/4.9 2.39x5.90      ,HOJ    ,77.39,
MI3879352614827,MIN       ,M.ING 7.62X20.32 7.93MM/5.26MM 1.48x2.70,HOJ    ,24.505,
MI38793526148270,MIN       ,M.ING 7.62X20.32 7.93MM/5.26MM 1.48X2.70,HOJ    ,24.505,35
MI38793526238220,MIN       ,M.ING 7.62X20.32 7.93MM/5.26MM 2.38X2.20,HOJ    ,28.55,11
MI3879M148490,MIN       ,MALLA ING 3*8 7.9MM/8 1.48 4.90         ,HOJ    ,41.32,
MI387M8148550,MIN       ,MALLA INGENIERIA 3*8 7MM/8              ,HOJ    ,37.42,
MI387M8172450,MIN       ,MALLA ING 3*8 7MM/8 1.72 4.50           ,HOJ    ,35.23,
MI387M8172510,MIN       ,MALLA ING 3*8 7MM/8                     ,HOJ    ,39.94,25
MI387M8196450,MIN       ,MALLA INGENIERIA 3*8 7MM/8 1.96 X 4.5   ,HOJ    ,39.87,
MI387M8196510,MIN       ,MALLA INGENIERIA 3*8 7MM/8 1.96 X 5.1   ,HOJ    ,45.2,
MI38840526239621,MIN       ,MALLA ING 3X8 8.40/5.26 M 2.39X6.21 M   ,HOJ    ,94.289,30
MI3884156172220,MIN       ,M.ING 7.62X20.32 8.41MM/5.60MM 1.72X2.20,HOJ    ,24.8,11
MI388454239621,MIN       ,MALLA ING 3X8 8.4MM/5.4MM 2.39X6.21 MTS ,HOJ    ,99.76,
MI38845526239620,MIN       ,MALLA ING 3X8 8.4MM/5.4MM 2.39X6.20 MTS ,HOJ    ,99.76,
MI38851170280,MIN       ,M.ING 7.62X20.32 8MM/5.1MM 1.70X2.80 mts,HOJ    ,29.16,13
MI3887456172220,MIN       ,M.ING 7.62X20.32 8.74MM/5.60MM 1.72X2.20,HOJ    ,27.43,
MI388751239815,MIN       ,M.ING 7.62X20.32 8.7/5.1 MM X 2.39X 8.15,HOJ    ,137.5,40
MI388956239525,MIN       ,M.ING 7.62X20.32 8.9/5.6 2.39x5.25      ,HOJ    ,94.3,
MI38895722395230,MIN       ,M.ING 7.62X20.32 8.9MM/5.72MM 2.39x5.23M,HOJ    ,93.24,11
MI38921607148270,MIN       ,M.ING 7.62X20.32 9.21MM/6.07MM 1.48X2.70,HOJ    ,32.93,14
MI38926586148380,MIN       ,M.ING 7.62X20.32 9.26MM/5.86MM 1.48x3.80,HOJ    ,46.03,18
MI38952607148270,MIN       ,M.ING 7.62X20.32 9.52MM/6.07MM 1.48X2.70,HOJ    ,34.88,35
MI3895M3148490,MIN       ,MALLA INGENIERIA 3X8 9.5MM/3 1.48X4.90  ,HOJ    ,62.73,
MI3896M3148490,MIN       ,MALLA INGENIERIA 3X8 9.6MM/3 1.48X4.90  ,HOJ    ,63.61,
MI389M4172450,MIN       ,MALLA INGENIERIA 3x8 9MM/4 1.72 X 4.50 M,HOJ    ,59.31,
MI391/4/8172450,MIN       ,MALLA INGENIERIA 3X9 1/4/8 1.72 X 4.50 M,HOJ    ,31.11,
MI3956M8172510,MIN       ,MALLA INGENIERIA 3X9 5.6MM/8 1.72 X5.10M,HOJ    ,28.24,
MI399M/4172450,MIN       ,MALLA INGENIERIA 3X9 9MM/4 1.72 X 4.50 M,HOJ    ,61.84,
MI3X1087M4825240,MIN       ,MALLA ING 3X10 8.7 MM/4 DE 8.25 X 2.40 M,HOJ    ,44.273,
MI410004239705,MIN       ,MALLA INGENIERIA 4X10 00/4 2.39 X 7.05 M,HOJ    ,85.36,
MI4101/4/817245,MIN       ,"MALLA INGENIERIA 4X10 1/4""/8 1.72X4.5   ",HOJ    ,22.243,
MI4101/4/8194349,MIN       ,"MALLA INGENIERIA 4X10 1/4""/8 1.94 X 3.49",HOJ    ,20.18,
MI41013/16239523,MIN       ,"MALLA ING 4X10 1/3/16"" 2.39 X 5.23 MTS  ",HOJ    ,47.35,
MI410148239587,MIN       ,"MALLA INGENIERIA 4X10 1/4""/8 2.39 X 5.87",HOJ    ,20.18,
MI41017239470,MIN       ,MALLA INGENIERIA 4X10 1/7 2.39 X 4.70M  ,HOJ    ,41.617,
MI41017239587,MIN       ,MALLA INGENIERIA 4X10 1/7 2.39 X 5.87 M ,HOJ    ,52.06,
MI41017239705,MIN       ,M ING 4X10 1/7 2.39 X 7.05 MTS          ,HOJ    ,62.57,
MI41026430239,MIN       ,MALLA INGENIERIA 4X10 2/6 4.30 X 2.39 MT,HOJ    ,34.17,
MI4103/8/317245,MIN       ,"MALLA INGENIERIA 4X10 3/8""/3 1.72X4.5   ",HOJ    ,50.099,
MI4103/8/3194349,MIN       ,"MALLA INGENIERIA 4X10 3/8""/3 1.94 X 3.49",HOJ    ,45.455,
MI4103/8239587,MIN       ,MALLA ING 4X10 3/8 2.39 X 5.87 MTS      ,HOJ    ,39.281,
MI41046239430,MIN       ,MALLA INGENIERIA 4X10 4/6 2.39 X 4.30 M ,HOJ    ,27.14,
MI41048239430,MIN       ,MALLA INGENIERIA 4X10 4/8 2.39 X 4.30 M ,HOJ    ,25.3,
MI41056239480,MIN       ,MALLA INGENIERIA 4X10 5/6 2.39 X 4.80 M ,HOJ    ,26.68,
MI41058239480,MIN       ,MALLA ING 4X10 5 / 8 2.39 X 4.80 MTS    ,HOJ    ,24.63,
MI41059M6480239,MIN       ,MALLA ING 4X10 5.9MM/6 4.80 X 2.39 MTS  ,HOJ    ,31.25,
MI4106488121590,MIN       ,M.ING 10.16X25.0 6.0MM/4.88MM 1.21X5.90M,HOJ    ,19.93,
MI4107526121525,MIN       ,M.ING 10.16X25.0 7.0MM/5.26MM 1.21X5.25M,HOJ    ,23.32,
MI4107M717251,MIN       ,MALLA INGENIERIA 4X10 7MM/7 1.72X5.1    ,HOJ    ,30.699,
MI4107M7194416,MIN       ,MALLA INGENIERIA 4X10 7MM/7 1.94 X4.16 M,HOJ    ,29.25,
MI4107M7587239,MIN       ,MALLA ING 4X10 7MM/7 5.87 X 2.39 MTS    ,HOJ    ,49.12,9
MI41081M5520239,MIN       ,MALLA ING 4X10 8.1 MM/5 5.20 X 2.39 MTS ,HOJ    ,58.94,
MI41082M5239621,MIN       ,M ING 4X10 8.2MM/5 2.39 X 6.21 MTS      ,HOJ    ,71.95,
MI41082M6239385,MIN       ,MALLA ING  4X10 8.2MM/6 2.39 X 3.85 MTS ,HOJ    ,43.903,
MI4108M5239520,MIN       ,MALLA INGENIERIA 4X10 8MM/5 2.39 X5.20M ,HOJ    ,58.22,
MI41097M3239621,MIN       ,MALLA ING 4X10 9.7MM/3 2.39 X 6.21 MTS  ,HOJ    ,98.54,
MI45117M4239430,MIN       ,M ING 4X5 11.7MM/4 2.39 X 4.30 MTS      ,HOJ    ,103.46,
MI4575M56M350285,MIN       ,MALLA ING 4X5 7.5MM/5.6 MM DE 3.50 X 2.8,HOJ    ,45.74,
MI4611757223943,MIN       ,M ING 4X6 11.75MM/5.72MM 2.39 X 4.30 MTS,HOJ    ,101.51,
MI481/48238349,MIN       ,"MALLA ING 4X8 1/4""/8 2.38 X 3.49 M      ",HOJ    ,25.041,
MI4810M2238349,MIN       ,MALLA INGENIERIA 4*8 10MM/2 2.38X3.49   ,HOJ    ,62.72,
MI48111M124435,MIN       ,MALLA ING. 4X8  11.1MM/1  2.44 X 3.50 M ,HOJ    ,32.178,
MI4817239422,MIN       ,MALLA INGENIERIA 4X8 1/7  2.39 X 4.22M  ,HOJ    ,38.541,
MI482624464,MIN       ,MALLA INGENIERIA 4X8 2/6 2.44 X 6.40 M  ,HOJ    ,53.23,
MI483814,MIN       ,MALLA INGENIERA 4X8 3/8-1/4 2.46 X 7.35 ,HOJ    ,120.67,
MI48382239715,MIN       ,"MALLA INGENIERIA 4X8 3/8""/2  7.15 X2.39m",HOJ    ,32.178,
MI4846,MIN       ,MALLA INGENIERA 4X8 4/6 2.42 X 3.80 MTS ,HOJ    ,25.144,
MI485/1614,MIN       ,MALLA INGENIERA 4X8 5/16-1/4 2.46 X 7.36,HOJ    ,90.6,
MI48516524458,MIN       ,"MALLA INGENIERIA 4X8 5/16""/5 2.44X5.80 M",HOJ    ,66.12,
MI4868,MIN       ,MALLA INGENIERA 4X8 6/8 2.42 X 3.95 MTS ,HOJ    ,18.702,
MI4871M7236416,MIN       ,MALLA INGENIERIA 4X8 7.1MM/7 2.36X4.16M ,HOJ    ,37.21,
MI4874M8236416,MIN       ,MALLA INGENIERIA 4X8 7.4M/8 2.38X4.16   ,HOJ    ,38.47,
MI4874M8238416,MIN       ,MALLA INGENIERIA 4*8 7.4MM/8            ,HOJ    ,38.7,
MI487M8238349,MIN       ,MALLA INGENIERIA 4*8 7MM/8 2.38X3.49    ,HOJ    ,29.54,
MI48816M5239810,MIN       ,MALLA ING 4X8 8.16mm/5  8.10 X 2.39  M  ,HOJ    ,32.178,
MI4882M5239382,MIN       ,MALLA INGENIERIA 4X8 8.2MM/5 2.39 X3.82M,HOJ    ,45.74,
MI4893M3244330,MIN       ,MALLA ING. 4X8  9.3MM/3  2.44 X 3.30 M  ,HOJ    ,38.75,
MI4897M1/4238349,MIN       ,"MALLA ING 4X8 9.7MM/1/4"" 2.38 X 3.49M   ",HOJ    ,59.16,
MI491/4/8194349,MIN       ,MALLA INGENIERIA 4X9 1/4/8 1.94 X 3.49M ,HOJ    ,20.4,
MI493/8/3194349,MIN       ,MALLA INGENIERIA 4X9 3/8/3 1.94 X 3.49 M,HOJ    ,45.77,
MI497M7194416,MIN       ,MALLA INGENIERIA 4X9 7MM/7 1.94 X 4.16 M,HOJ    ,29.4,
MI501044111700,MEL       ,MALLA EN HOJA 50X10 4M/4M 1.11 X 7.00 M ,HOJ    ,9.72,70
MI520619M4111214,MIN       ,MALLA ING 5X20 CM 6.19MM/4.11MM 1.21X4  ,HOJ    ,25.2,
MI66222427312140,MIN       ,M ING 6.6X22 CM/4X2.73MM 1.21X4.00M     ,HOJ    ,8.48,9
MI66224273121440,MIN       ,M ING 6.6X22 CM/4X2.73MM 1.21X4.40M     ,HOJ    ,9.34,28
MI6666230800B,MIN       ,"M ING 6""X6"" /C 6X6 /230 X800 MTS BARBAS ",HOJ    ,29.58,
MI8241156121380,MIN       ,M ING 20.32X5.08 4.11/5.60MM 1.21X3.80M ,HOJ    ,19.94,
MI82449560195395,MIN       ,M ING 20.32x5.08 4.49/5.60MM 1.95x3.95m ,HOJ    ,33.97,
MI8244956121380,MIN       ,M ING 20.32X5.08 4.49/5.60MM 1.21X3.80M ,HOJ    ,20.39,75
MI8244956121760,MIN       ,M ING 20.32X5.08 4.49/5.60MM 1.21X7.60M ,HOJ    ,40.68,149
MI8244956195395,MIN       ,M ING 20.32X5.08 4.49/5.6MM 1.95X3.95M  ,HOJ    ,33.92,52
MI82572572121380,MIN       ,M ING 20.32X5.08 5.72/5.72 1.21X3.80M   ,HOJ    ,22.9,
MI828316148556,MIN       ,"MALLA INGENIERIA 8X2  8/ 3/16"" 1.48X5.56",HOJ    ,27,
MI828560M,MIN       ,MALLA ING 8*2 8/5.60MM A 1.22M*7.68M    ,HOJ    ,41.17,
MI82856122760,MIN       ,MALLA INGENIERIA 8X2 8/5.6MM 1.22 7.60  ,HOJ    ,41.956,
MI8286148556,MIN       ,MALLA INGENIERIA 8*2 8/6 1.48 5.56      ,HOJ    ,28.24,
MI8286172460,MIN       ,MALLA INGENIERIA 8*2 8/6 1.72 4.6       ,HOJ    ,26.96,
MI8286194436,MIN       ,MALLA INGENIERIA 8X2 8/6 1.94 X 4.36 MTS,HOJ    ,29.09,
MI8286196460,MIN       ,MALLA INGENIERIA 8*2 8/6 1.96 X 4.6     ,HOJ    ,30.6,
MI8286236430,MIN       ,MALLA INGENIERIA 8X2  8/6   2.36 X 4.30 ,HOJ    ,34.126,
MI8286236436,MIN       ,MALLA INGENIERIA 8X2 8/6 2.36 4.36      ,HOJ    ,35.6,
MI8286238436,MIN       ,MALLA INGENIERIA 8*2 8/6                ,HOJ    ,35.88,
MI83411572148280,MIN       ,M.ING 20.32X7.62 4.11MM/5.72MM 1.48X2.80,HOJ    ,13.38,36
MI83411607172230,MIN       ,M.ING 20.32X7.62 4.11MM/6.07MM 1.72X2.30,HOJ    ,13.89,
MI83411607236215,MIN       ,M.ING 20.32X7.62 4.11MM/6.07MM 2.36X2.15,HOJ    ,18.25,
MI8344956165478,MIN       ,M ING 8X3  5.6MM/4.49MM 1.65X4.78 M     ,HOJ    ,25.39,62
MI8344956172230,MIN       ,M.ING 20.32X7.62 4.49MM/5.6MM 1.72X2.30 ,HOJ    ,12.89,29
MI8344956228475,MIN       ,M ING 8X3 5.6MM/4.49MM 2.28X4.75M       ,HOJ    ,34.78,62
MI8344956236215,MIN       ,M.ING 20.32X7.62 4.49MM/5.6MM 2.36X2.15 ,HOJ    ,16.4,29
MI8344956236430,MIN       ,M.ING 20.32X7.62 4.49MM/5.6MM 2.36X4.30 ,HOJ    ,32.35,56
MI83449572148280,MIN       ,|M.ING 20.32X7.62 4.49MM/5.72MM 1.48X2.8,HOJ    ,13.84,37
MI83449607220478,MIN       ,M.ING 8X3 6.07/4.49MM 2.20X4.78         ,HOJ    ,37.94,62
MI83449607236215,MIN       ,M.ING 20.32X7.62 4.49MM/6.07MM 2.36X2.15,HOJ    ,18.76,28
MI83449635195475,MIN       ,M ING 8X3 6.35 MM/4.49MM 1.95X475       ,HOJ    ,29.05,62
MI83488757220478,MIN       ,M.ING 8X3 7.57MM/4.88MM 2.20X4.78       ,HOJ    ,56.57,62
MI838/56M172450,MIN       ,MALLA ING 8X3 8/5.60MM 1.72 X 4.60 M    ,HOJ    ,25.47,
MI838560M172460,MIN       ,MALLA INGENIERIA 8X3 8/5.60 MM 1.72X 4.6,HOJ    ,24.27,
MIG105631496,MIN       ,"MALLA GALV CAL 6 40""X120""               ",HOJ    ,9.89,127
MIG1066250,MIN       ,"MALLA GALV CAL 6 40""X96""                ",HOJ    ,7.95,128
MIG4441102244,PASAJUNTAS,MALLA GALV 4X4 4.11 102X244             ,HOJ    ,5.45,
MIG44411102304,PASAJUNTAS,MALLA GALV 4X4 4.11 102X304             ,HOJ    ,6.09,
MIG4447102244,PASAJUNTAS,MALLA GALV 4X4 4.7 102X244              ,HOJ    ,7.63,
MIG44471102304,PASAJUNTAS,MALLA GALV 4X4 4.7 102X304              ,HOJ    ,8.55,
MR31/8,MEL       ,MALLA EN ROLLO 3*3  1/8 1/8 1.22 * 20.00,RL     ,124.39,
MR331010,MEL       ,MALLA EN ROLLO 3*3  10/10 1.22 * 40.00 M,RL     ,98.23,546
MR38,MEL       ,MALLA EN ROLLO 3*3  8/8 1.25 * 40.00 M  ,RL     ,124.39,
MR46,MEL       ,MALLA EN ROLLO 4*4 6/6 2.50 * 40.00 M   ,RL     ,293.6,
MR610,MEL       ,MALLA EN ROLLO 6*6 10/10 2.50 * 40.00 M ,RL     ,82,254
MR6105,MEL       ,MALLA EN ROLLO 6*6 10.5/10.5 2.50*40.00M,RL     ,73.77,254
MR610F,MFE       ,MALLA FERRETERA 6*6 10/10 1.25 * 20.00 M,RL     ,20.4,128
MR610MAQMITT,MEL       ,MALLA EN ROLLO 6*6 10/10 2.50 * 40.00 M ,KG     ,1,254
MR610M_MQ,MAQ       ,MAQUILA MALLA EN ROLLO 6X6 10/10 2.5X40 ,KG     ,1,254
MR64,MEL       ,MALLA EN ROLLO 6*6 4/4 2.50 * 40.00 M   ,RL     ,235,254
MR64MAQMITT,MEL       ,MALLA EN ROLLO 6*6 4/4 2.50 * 40.00 M   ,KG     ,1,254
MR64M_MQ,MAQ       ,MAQUILA MALLA EN ROLLO 6X6 4/4 2.5X40   ,KG     ,1,
MR65,MEL       ,MALLA EN ROLLO 6*6 6.5/6.5 2.5 * 40 M   ,RL     ,163.06,254
MR66,MEL       ,MALLA EN ROLLO 6*6 6/6 2.50 * 40.00 M   ,RL     ,172,254
MR66M_MQ,MAQ       ,MAQUILA MALLA EN ROLLO 6X6 6/6 2.5X40   ,KG     ,1,254
MR68,MEL       ,MALLA EN ROLLO 6*6 8/8 2.50 * 40.00 M   ,RL     ,120,254
MR68M_MQ,MAQ       ,MAQUILA MALLA EN ROLLO 6X6 8/8 2.5X40   ,KG     ,1,254
MRSEG,MEL       ,MALLA  EN ROLLO SEGUNDA                 ,KG     ,1,
MT26,MTU       ,MALLA TUBERA 4*10 2/6 2.44 * 41.00 MTS  ,RL     ,317.19,165
MT46,MTU       ,MALLA TUBERA 4*10 4/6 2.44 * 82.00 MTS  ,RL     ,497.75,165
MT46100,MTU       ,MALLA TUBERA 4*10 4/6 2.44 100 MTS      ,RL     ,248.875,165
MT48,MTU       ,MALLA TUBERA 4*10 4/8 2.44 * 82.00 MTS  ,RL     ,458.63,
MT68,MTU       ,MALLA TUBERA 4*10 6/8 2.44 * 82.00 MTS. ,RL     ,362.03,330
MT68100,MTU       ,MALLA TUBERA 4*10 6/8 2.44 * 41.0 MTS   ,RL     ,181.015,
MT86,MTU       ,MALLA TUBERA 4*10 8/6 2.44 * 82.00 MTS. ,RL     ,305.5,
MR66MAQMITTAL,MEL       ,MALLA EN ROLLO 6*6 8/8 2.50 * 40.00 M   ,KG     ,1,264
MR68MAQMITTAL,MEL       ,MALLA EN ROLLO 6*6 6/6 2.50 * 40.00 M   ,KG     ,1,264
M310793526239924,MIN       ,M.ING 3X10 7.93/5.26 MM 2.39X9.24 MT,HOJ    ,129.44,36
M310916575239815,MIN       ,M.ING 3X10 9.16/5.75 2.39X8.15          ,HOJ    ,170.61,35
MH1550M11111,MIN       ,MALLA EN HOJA 15X50 4M/4M 1.10 X 11.00 M,HOJ    ,11.17,22
MI83449619236325,MIN       ,M ING 8X3 4.49/6.19 MM 2.36 X 325 MT    ,HOJ    ,28.76,45
MI38619449236620,MIN       ,M ING 3X8 6.19/4.49 236X6.20 M          ,KG     ,58.38,31
MI38619449238285,MIN       ,M ING 3X8 6.19/4.49 2.38X2.85 M         ,HOJ    ,25.93,37
MI38619449238325,MIN       ,M ING 3X8 6.19/4.49 2.38X3.25 M         ,HOJ    ,29.24,37
MI38811526238325,MIN       ,M ING 3X8 8.11/5.26 2.36X3.25 M         ,HOJ    ,48.56,37
MI40405722601200,MIN       ,M.ING 40X40 5.72MM/5.72MM 2.60X12.00    ,PZA,33.13,30
M384494491975118,MIN       ,M ING 3X8 4.49/4.49 MM 1.975 X 1.18 MT  ,PZA,5.27,15
M334494491975118,MIN       ,M ING 3X3 4.49/4.49 MM 1.975 X 1.18 MT  ,PZA,7.72,15
M339216351975115,MIN       ,M ING 3X3 9.21/6.35 MM 1.975 X 1.15 MT  ,PZA,23.44,15
MI310822522391005,MIN       ,M ING 3 X 10 8.20/5.22 2.39 X 10.05,PZA,145.41,45
MI3107134522391148,MIN       ,M ING 3 X 10 7.13/4.52 2.39 X 11.48,PZA    ,124.82,46
MI1525794482235600,MIN       ,M ING 15 X 25  7.94/4.82MM 2.35 X 6.00 M,PZA,45.81,25
